{
  "calculations": [
    {
      "id": "a2091e54-2de4-49a1-8adf-c3813eb81690",
      "value": 1345,
      "interest": 10,
      "interestRate": 0.1,
      "calculated": 134.5
    },
    {
      "id": "76e36822-3070-44df-b6a7-23687fbcf852",
      "value": 125000,
      "interest": 13.9,
      "interestRate": 0.139,
      "calculated": 17375
    },
    {
      "id": "3a649926-c5f8-4dc5-80da-991b9e54bcec",
      "value": 560,
      "interest": 39.8,
      "interestRate": 0.39799999999999996,
      "calculated": 222.87999999999997
    }
  ]
}